{
    " ": {
        "a": 0.11538461538461539,
        "b": 0.0641025641025641,
        "m": 0.14102564102564102,
        "u": 0.02564102564102564,
        "s": 0.08974358974358974,
        "c": 0.15384615384615385,
        "v": 0.05128205128205128,
        "j": 0.01282051282051282,
        "p": 0.0641025641025641,
        "o": 0.01282051282051282,
        "l": 0.038461538461538464,
        "h": 0.038461538461538464,
        "e": 0.038461538461538464,
        "t": 0.02564102564102564,
        "f": 0.01282051282051282,
        "n": 0.01282051282051282,
        "q": 0.01282051282051282,
        "k": 0.02564102564102564,
        "i": 0.02564102564102564,
        "g": 0.02564102564102564,
        "r": 0.01282051282051282
    },
    "a": {
        "r": 0.14953271028037382,
        "null": 0.2616822429906542,
        "i": 0.028037383177570093,
        "l": 0.09345794392523364,
        "p": 0.04672897196261682,
        "n": 0.09345794392523364,
        "z": 0.018691588785046728,
        "e": 0.009345794392523364,
        " ": 0.009345794392523364,
        "s": 0.06542056074766354,
        "c": 0.037383177570093455,
        "y": 0.037383177570093455,
        "m": 0.028037383177570093,
        "t": 0.018691588785046728,
        "d": 0.037383177570093455,
        "b": 0.009345794392523364,
        "v": 0.018691588785046728,
        "o": 0.009345794392523364,
        "g": 0.009345794392523364,
        "j": 0.009345794392523364,
        "k": 0.009345794392523364
    },
    "r": {
        "g": 0.02631578947368421,
        "i": 0.21052631578947367,
        "d": 0.02631578947368421,
        "a": 0.23684210526315788,
        "t": 0.10526315789473684,
        "null": 0.10526315789473684,
        "e": 0.13157894736842105,
        "o": 0.05263157894736842,
        "q": 0.02631578947368421,
        "c": 0.02631578947368421,
        "u": 0.05263157894736842
    },
    "g": {
        "e": 0.16666666666666666,
        "o": 0.16666666666666666,
        "u": 0.6666666666666666
    },
    "e": {
        "n": 0.3076923076923077,
        "s": 0.07692307692307693,
        "z": 0.07692307692307693,
        "null": 0.10256410256410256,
        "r": 0.20512820512820512,
        "l": 0.10256410256410256,
        "i": 0.02564102564102564,
        "c": 0.02564102564102564,
        "b": 0.02564102564102564,
        "y": 0.02564102564102564,
        "t": 0.02564102564102564
    },
    "n": {
        "t": 0.05555555555555555,
        "a": 0.4166666666666667,
        "o": 0.08333333333333333,
        "d": 0.05555555555555555,
        "s": 0.05555555555555555,
        "c": 0.08333333333333333,
        "e": 0.05555555555555555,
        "null": 0.1111111111111111,
        "g": 0.027777777777777776,
        "i": 0.027777777777777776,
        "n": 0.027777777777777776
    },
    "t": {
        "i": 0.18181818181818182,
        "a": 0.3181818181818182,
        "e": 0.13636363636363635,
        "r": 0.09090909090909091,
        "o": 0.22727272727272727,
        "u": 0.045454545454545456
    },
    "i": {
        "n": 0.24390243902439024,
        "e": 0.024390243902439025,
        "a": 0.12195121951219512,
        "v": 0.04878048780487805,
        "l": 0.07317073170731707,
        "d": 0.04878048780487805,
        "t": 0.0975609756097561,
        "o": 0.024390243902439025,
        "null": 0.0975609756097561,
        "m": 0.024390243902439025,
        "s": 0.07317073170731707,
        "c": 0.07317073170731707,
        "k": 0.024390243902439025,
        "b": 0.024390243902439025
    },
    "b": {
        "u": 0.08333333333333333,
        "a": 0.5,
        "o": 0.25,
        "r": 0.08333333333333333,
        "i": 0.08333333333333333
    },
    "u": {
        "e": 0.16666666666666666,
        "s": 0.08333333333333333,
        "a": 0.2916666666666667,
        "i": 0.125,
        "null": 0.08333333333333333,
        "r": 0.125,
        "m": 0.041666666666666664,
        "y": 0.041666666666666664,
        "g": 0.041666666666666664
    },
    "o": {
        "s": 0.05405405405405406,
        "z": 0.02702702702702703,
        "r": 0.16216216216216217,
        "b": 0.05405405405405406,
        "l": 0.08108108108108109,
        "v": 0.02702702702702703,
        "null": 0.3783783783783784,
        "p": 0.02702702702702703,
        "m": 0.02702702702702703,
        "e": 0.02702702702702703,
        "t": 0.08108108108108109,
        "n": 0.05405405405405406
    },
    "s": {
        " ": 0.07692307692307693,
        "null": 0.2692307692307692,
        "h": 0.038461538461538464,
        "a": 0.15384615384615385,
        "u": 0.07692307692307693,
        "e": 0.038461538461538464,
        "c": 0.07692307692307693,
        "i": 0.07692307692307693,
        "t": 0.11538461538461539,
        "l": 0.07692307692307693
    },
    "m": {
        "e": 0.23529411764705882,
        "a": 0.5294117647058824,
        "i": 0.058823529411764705,
        "b": 0.11764705882352941,
        "o": 0.058823529411764705
    },
    "d": {
        "o": 0.4444444444444444,
        "e": 0.3333333333333333,
        "i": 0.1111111111111111,
        "a": 0.1111111111111111
    },
    "z": {
        "a": 0.3333333333333333,
        "i": 0.16666666666666666,
        "o": 0.16666666666666666,
        "null": 0.16666666666666666,
        "u": 0.16666666666666666
    },
    "h": {
        "u": 0.2727272727272727,
        "e": 0.09090909090909091,
        "i": 0.18181818181818182,
        "a": 0.2727272727272727,
        "o": 0.18181818181818182
    },
    "l": {
        "t": 0.034482758620689655,
        "i": 0.1724137931034483,
        "null": 0.10344827586206896,
        "h": 0.034482758620689655,
        "l": 0.06896551724137931,
        "e": 0.13793103448275862,
        "a": 0.27586206896551724,
        " ": 0.034482758620689655,
        "o": 0.06896551724137931,
        "v": 0.06896551724137931
    },
    "c": {
        "o": 0.23076923076923078,
        "h": 0.23076923076923078,
        "i": 0.038461538461538464,
        "a": 0.2692307692307692,
        "u": 0.15384615384615385,
        "l": 0.038461538461538464,
        "r": 0.038461538461538464
    },
    "v": {
        "i": 0.36363636363636365,
        "a": 0.36363636363636365,
        "e": 0.2727272727272727
    },
    "p": {
        "e": 0.18181818181818182,
        "a": 0.45454545454545453,
        "o": 0.2727272727272727,
        "i": 0.09090909090909091
    },
    "j": {
        "u": 0.5,
        "a": 0.5
    },
    "f": {
        "l": 1
    },
    "y": {
        "a": 0.3333333333333333,
        "null": 0.5,
        "o": 0.16666666666666666
    },
    "q": {
        "u": 1
    },
    "k": {
        "a": 0.75,
        "u": 0.25
    }
}